id,dataset,method,question,gold,prediction,confidence,latency_total,latency_decomposer,latency_retriever,latency_reasoner,latency_critic,evidence_hops
695d5d160bdc11eba7f7acde48001122,2wikimultihopqa,B2_Basic_GraphRAG,Where was the director of film Breakup Buddies born?,Taiyuan,China,0.6643,1.3707952999993722,0.0,0.0,0.0,0.0,10
d8de3d3d088411ebbd6dac1f6bf848b6,2wikimultihopqa,B2_Basic_GraphRAG,Do Jean-Martin De Prades and Marcel Henry have the same nationality?,yes,"Yes, they have the same nationality",0.7603,1.9574542000009387,0.0,0.0,0.0,0.0,10
dc53832a0bd911eba7f7acde48001122,2wikimultihopqa,B2_Basic_GraphRAG,Where was the director of film Silks And Satins born?,Colorado,Information not found,0.6541,0.7277371999989555,0.0,0.0,0.0,0.0,3
05a2dec4088811ebbd6eac1f6bf848b6,2wikimultihopqa,B2_Basic_GraphRAG,Do both films Just Getting Started (Film) and The Dove'S Lost Necklace have the directors that share the same nationality?,no,"No, they don't",0.6266,0.726832899999863,0.0,0.0,0.0,0.0,3
4ed23bf80bda11eba7f7acde48001122,2wikimultihopqa,B2_Basic_GraphRAG,Where was the performer of song (Last Night) I Heard You Crying In Your Sleep born?,Mount Olive,United Kingdom,0.6535,1.0943845000001602,0.0,0.0,0.0,0.0,10
d0a0a43c0bdd11eba7f7acde48001122,2wikimultihopqa,B2_Basic_GraphRAG,Which country Harald Ii Of Denmark's mother is from?,Polish,Gunhild,0.7145,1.7159274999994523,0.0,0.0,0.0,0.0,10
f8378b9e08ab11ebbd82ac1f6bf848b6,2wikimultihopqa,B2_Basic_GraphRAG,"Which film has the director who is older, Three Violent People or Girls In White?",Girls In White,Girls In White,0.6274,0.6696538999985933,0.0,0.0,0.0,0.0,3
fc04494a0baf11ebab90acde48001122,2wikimultihopqa,B2_Basic_GraphRAG,"Who is the paternal grandfather of Hugh Montgomerie, 7Th Earl Of Eglinton?","Robert Seton, 1st Earl of Winton",Alexander Montgomerie,0.7256,10.87308380000104,0.0,0.0,0.0,0.0,10
84b56dcc0bd911eba7f7acde48001122,2wikimultihopqa,B2_Basic_GraphRAG,Where was the director of film Little Alvin And The Mini-Munks born?,American,Data not sufficient,0.6554,1.1032770999991044,0.0,0.0,0.0,0.0,3
47bafeb40bde11eba7f7acde48001122,2wikimultihopqa,B2_Basic_GraphRAG,"When did Joachim I, Prince Of Anhalt-Dessau's father die?",12 June 1516,No death date found,0.771,1.7995976000001974,0.0,0.0,0.0,0.0,10
c0007a7a0bd911eba7f7acde48001122,2wikimultihopqa,B2_Basic_GraphRAG,Which award the director of film Pataakha received?,National Film Award for Best Music Direction,Best Director Award,0.6496,0.8550934000013513,0.0,0.0,0.0,0.0,3
90934fd908dc11ebbd9cac1f6bf848b6,2wikimultihopqa,B2_Basic_GraphRAG,"Which film whose director is younger, Kiladigalu or He'S My Girl?",Kiladigalu,He'S My Girl,0.7027,2.141212099999393,0.0,0.0,0.0,0.0,10
8d18786e086a11ebbd5fac1f6bf848b6,2wikimultihopqa,B2_Basic_GraphRAG,"Which film whose director is younger, Dagudu Moothalu or Port Of Seven Seas?",Dagudu Moothalu,Port Of Seven Seas,0.7194,6.406026900000143,0.0,0.0,0.0,0.0,10
e28d440408ca11ebbd92ac1f6bf848b6,2wikimultihopqa,B2_Basic_GraphRAG,"Which film whose director was born first, 11 Harrowhouse or A Little Sister Of Everybody?",A Little Sister Of Everybody,Gerald A. Browne,0.6978,1.3846516999983578,0.0,0.0,0.0,0.0,10
e1ae74be0bda11eba7f7acde48001122,2wikimultihopqa,B2_Basic_GraphRAG,Where did the performer of song Girlfriend (Alicia Keys Song) study?,Columbia,Not enough information,0.6179,0.9288608999995631,0.0,0.0,0.0,0.0,3
a5e94ab0086711ebbd5eac1f6bf848b6,2wikimultihopqa,B2_Basic_GraphRAG,"Which film has the director died later, La Muerte En El Desfiladero or O, Brazen Age?",La Muerte En El Desfiladero,"O, Brazen Age",0.6816,0.6371083000012732,0.0,0.0,0.0,0.0,3
9509d38c0bdb11eba7f7acde48001122,2wikimultihopqa,B2_Basic_GraphRAG,When is the creator of Holland'S Next Top Model 's birthday?,"December 4, 1973",No birthday information provided,0.7356,1.9527904000005947,0.0,0.0,0.0,0.0,10
cecadcce0bdb11eba7f7acde48001122,2wikimultihopqa,B2_Basic_GraphRAG,Where was the performer of song Suicide Social born?,Alençon,Canada,0.5764,0.6378666999989946,0.0,0.0,0.0,0.0,3
d667e18f08d911ebbd9cac1f6bf848b6,2wikimultihopqa,B2_Basic_GraphRAG,"Which film has the director who was born earlier, The Marseille Contract or Strangers Of The Night?",Strangers Of The Night,Strangers Of The Night,0.7373,3.0083092999993823,0.0,0.0,0.0,0.0,10
64efc0e908b211ebbd85ac1f6bf848b6,2wikimultihopqa,B2_Basic_GraphRAG,"Which film has the director who was born earlier, Face Of A Fugitive or Cage Of Gold?",Cage Of Gold,Face Of A Fugitive,0.6621,0.6115006999989419,0.0,0.0,0.0,0.0,3
4c6a905e088311ebbd6dac1f6bf848b6,2wikimultihopqa,B2_Basic_GraphRAG,"Which film has the director died later, A Light Woman or Our Mother'S House?",Our Mother'S House,A Light Woman,0.6942,3.379656699999032,0.0,0.0,0.0,0.0,10
96beb0b3086111ebbd5dac1f6bf848b6,2wikimultihopqa,B2_Basic_GraphRAG,"Which film came out earlier, Call Of The Flesh or Blonde Or Brunette?",Blonde Or Brunette,Blonde Or Brunette,0.6687,0.6188473000001977,0.0,0.0,0.0,0.0,3
098d51b20bdb11eba7f7acde48001122,2wikimultihopqa,B2_Basic_GraphRAG,Who is the father of the composer of film Kadambari (Film)?,Shankar Ghosh,Suman Ghosh,0.7113,9.877428100000543,0.0,0.0,0.0,0.0,10
6b58975d08df11ebbda0ac1f6bf848b6,2wikimultihopqa,B2_Basic_GraphRAG,"Which film has the director born first, Demons Of War or Farce Of The Penguins?",Farce Of The Penguins,Farce Of The Penguins,0.6752,0.863224499998978,0.0,0.0,0.0,0.0,3
f34d188608cb11ebbd93ac1f6bf848b6,2wikimultihopqa,B2_Basic_GraphRAG,"Which film has the director who was born later, Playing It Wild or I'Ll Be Going Now?",I'Ll Be Going Now,I'Ll Be Going Now,0.6544,0.6301751000009972,0.0,0.0,0.0,0.0,3
0788eaa40bde11eba7f7acde48001122,2wikimultihopqa,B2_Basic_GraphRAG,Where was the place of burial of Al-Mu'Tasim's father?,Iraq,Samarra,0.6344,1.1935156999988976,0.0,0.0,0.0,0.0,3
3f4a39800bb011ebab90acde48001122,2wikimultihopqa,B2_Basic_GraphRAG,Who is the maternal grandmother of John Woodville?,Margherita del Balzo,Elizabeth,0.6785,6.226812599999903,0.0,0.0,0.0,0.0,10
27bdf22b08d111ebbd95ac1f6bf848b6,2wikimultihopqa,B2_Basic_GraphRAG,"Which film has the director who was born later, The Demi-Paradise or How To Murder Your Wife?",How To Murder Your Wife,How To Murder Your Wife,0.692,0.7896567999996478,0.0,0.0,0.0,0.0,3
7d8c2e1808dd11ebbd9dac1f6bf848b6,2wikimultihopqa,B2_Basic_GraphRAG,Are Irene Greif and Derrick Burroughs from the same country?,yes,"No, they are not from the same country",0.7876,1.3066560999996,0.0,0.0,0.0,0.0,10
9d482cae0bdd11eba7f7acde48001122,2wikimultihopqa,B2_Basic_GraphRAG,Where was the father of Chung Eui-Sun born?,Gangwon Province,Not enough information,0.6811,0.7178772000006575,0.0,0.0,0.0,0.0,3
ab69635e089811ebbd77ac1f6bf848b6,2wikimultihopqa,B2_Basic_GraphRAG,Do director of film Born American and director of film The White Raven (1998 Film) share the same nationality?,yes,"No, they don't share the same nationality",0.7929,1.1754963000003045,0.0,0.0,0.0,0.0,10
252632880bde11eba7f7acde48001122,2wikimultihopqa,B2_Basic_GraphRAG,When was Ting-Xing Ye's husband born?,27 October 1945,No birth year provided,0.6414,0.7860805000000255,0.0,0.0,0.0,0.0,3
f52b28400bdd11eba7f7acde48001122,2wikimultihopqa,B2_Basic_GraphRAG,What is the place of birth of Alexandra Hasluck's husband?,"Fremantle, Western Australia",Data insufficient to determine,0.6414,0.6855722000000242,0.0,0.0,0.0,0.0,3
2eb7969109b111ebbdb0ac1f6bf848b6,2wikimultihopqa,B2_Basic_GraphRAG,"Which song came out first, Baby, It'S Ok or Boy Pop?",Boy Pop,It'S Ok,0.6791,4.533864400000311,0.0,0.0,0.0,0.0,10
656cfe0a0bdc11eba7f7acde48001122,2wikimultihopqa,B2_Basic_GraphRAG,"When did Helena Kantakouzene, Empress Of Trebizond's husband die?",1 November 1463,Not enough information,0.7299,2.288902499998585,0.0,0.0,0.0,0.0,10
90c88e1a0bdd11eba7f7acde48001122,2wikimultihopqa,B2_Basic_GraphRAG,Where did the director of film The Sun Sets At Dawn study?,Trinity Hall,Not enough information,0.6439,0.8178984999995009,0.0,0.0,0.0,0.0,3
e7393616094b11ebbdaeac1f6bf848b6,2wikimultihopqa,B2_Basic_GraphRAG,"Which film was released more recently, Osmondagi Bolalar or Mcdull: Rise Of The Rice Cooker?",Mcdull: Rise Of The Rice Cooker,Mcdull: Rise Of The Rice Cooker,0.7158,0.7086701000007452,0.0,0.0,0.0,0.0,3
945447800bd911eba7f7acde48001122,2wikimultihopqa,B2_Basic_GraphRAG,"When is James Stanley, 10Th Earl Of Derby's father's birthday?",19 January 1628,No birthday information provided,0.7679,7.44950549999885,0.0,0.0,0.0,0.0,10
327d00420bde11eba7f7acde48001122,2wikimultihopqa,B2_Basic_GraphRAG,Where was the place of death of the director of film The Earring?,Madrid,Information not available in evidence,0.6623,0.9113695999985794,0.0,0.0,0.0,0.0,3
1eeb91060bde11eba7f7acde48001122,2wikimultihopqa,B2_Basic_GraphRAG,"What is the date of birth of Sophie, Countess Of Wessex's husband?",10 March 1964,Information not provided,0.7501,3.3572421000008035,0.0,0.0,0.0,0.0,10
e5bc717c0bdb11eba7f7acde48001122,2wikimultihopqa,B2_Basic_GraphRAG,Where was the place of burial of the director of film Série Noire (Film)?,Père Lachaise Cemetery,No place of burial mentioned,0.668,0.9607641999991756,0.0,0.0,0.0,0.0,3
c26c16b5086611ebbd5eac1f6bf848b6,2wikimultihopqa,B2_Basic_GraphRAG,"Which film has the director who died later, Valentin The Good or A Daughter Of Two Worlds?",Valentin The Good,A Daughter Of Two Worlds,0.7052,0.7433325000001787,0.0,0.0,0.0,0.0,3
fc3eadb408cc11ebbd93ac1f6bf848b6,2wikimultihopqa,B2_Basic_GraphRAG,"Which film has the director born first, Planet B-Boy or Where'S Officer Tuba??",Where'S Officer Tuba?,Planet B-Boy,0.6791,1.320565699999861,0.0,0.0,0.0,0.0,10
d318fb3c089111ebbd73ac1f6bf848b6,2wikimultihopqa,B2_Basic_GraphRAG,Do both Extract (Film) and Thou Wast Mild And Lovely films have the directors from the same country?,yes,"No, they don't",0.6596,2.2196850000000268,0.0,0.0,0.0,0.0,10
333f458a0bde11eba7f7acde48001122,2wikimultihopqa,B2_Basic_GraphRAG,Where did Mary Ann Angell's husband die?,Salt Lake,Not enough information,0.6487,0.8670722000006208,0.0,0.0,0.0,0.0,3
0fb43d6a0bdd11eba7f7acde48001122,2wikimultihopqa,B2_Basic_GraphRAG,Who is the spouse of the director of film Marianne And Juliane?,Volker Schlöndorff,Barbara Sukowa,0.7087,2.617614799999501,0.0,0.0,0.0,0.0,10
688ac4d40bda11eba7f7acde48001122,2wikimultihopqa,B2_Basic_GraphRAG,What nationality is Fastrada's husband?,Carolingian Empire,German,0.6083,0.7620915999996214,0.0,0.0,0.0,0.0,3
b0a03b3208a111ebbd79ac1f6bf848b6,2wikimultihopqa,B2_Basic_GraphRAG,"Which film has more directors, Nim'S Island or Continental (Film)?",Nim'S Island,Continental has more directors,0.707,1.646586799999568,0.0,0.0,0.0,0.0,10
8c273c580bdd11eba7f7acde48001122,2wikimultihopqa,B2_Basic_GraphRAG,Which country Princess Claude Of Orléans's husband is from?,Italy,France,0.73,2.7775400999998965,0.0,0.0,0.0,0.0,10
ba68804e08fa11ebbdacac1f6bf848b6,2wikimultihopqa,B2_Basic_GraphRAG,"Which film was released earlier, Personal Velocity: Three Portraits or Ami Aar Amar Girlfriends?",Personal Velocity: Three Portraits,Three Portraits,0.6679,0.6934930999996141,0.0,0.0,0.0,0.0,7
350ec8b80bde11eba7f7acde48001122,2wikimultihopqa,B2_Basic_GraphRAG,Where was the composer of song By The Beautiful Sea (Song) born?,"Atlantic City, New Jersey",Walter Robinson,0.6258,0.6545708000012382,0.0,0.0,0.0,0.0,3
ce5bfc90086c11ebbd61ac1f6bf848b6,2wikimultihopqa,B2_Basic_GraphRAG,Do both films: Gammat Jammat and Ready (2011 Film) have the directors from the same country?,yes,"Yes, they do",0.6751,2.845808500000203,0.0,0.0,0.0,0.0,10
a022d8580bdc11eba7f7acde48001122,2wikimultihopqa,B2_Basic_GraphRAG,Who is the father of the director of film Plunkett & Macleane?,Ridley Scott,William Plunkett,0.731,1.7947979000000487,0.0,0.0,0.0,0.0,10
a982d4940bdb11eba7f7acde48001122,2wikimultihopqa,B2_Basic_GraphRAG,What is the place of birth of the performer of song Caribbean Blue?,Gweedore,United States,0.7151,2.0821095000010246,0.0,0.0,0.0,0.0,10
3e6de09c0bd911eba7f7acde48001122,2wikimultihopqa,B2_Basic_GraphRAG,Where did Harald Bluetooth's father die?,Jelling,Died in Italy,0.6807,0.9654704000004131,0.0,0.0,0.0,0.0,3
3def863e0bde11eba7f7acde48001122,2wikimultihopqa,B2_Basic_GraphRAG,Where did Ermengarde Of Limburg's husband die?,Montfort,Not enough information,0.69,0.7013119000002916,0.0,0.0,0.0,0.0,3
bd6f350408d311ebbd96ac1f6bf848b6,2wikimultihopqa,B2_Basic_GraphRAG,"Who was born later, Jerry Hardin or Harry Sinclair Drago?",Jerry Hardin,Jerry Hardin,0.6805,1.4127789000012854,0.0,0.0,0.0,0.0,10
534fbfd00bd911eba7f7acde48001122,2wikimultihopqa,B2_Basic_GraphRAG,When did Margaret Kenyatta (Mayor)'s mother die?,2007,Insufficient evidence,0.6052,0.6673188000004302,0.0,0.0,0.0,0.0,3
dbf41c00086911ebbd5fac1f6bf848b6,2wikimultihopqa,B2_Basic_GraphRAG,"Which film has the director who was born later, Honeymoons or Moabite Notebook?",Honeymoons,Moabite Notebook,0.6434,0.7076345999994373,0.0,0.0,0.0,0.0,10
654dbe680bb011ebab90acde48001122,2wikimultihopqa,B2_Basic_GraphRAG,Who is Hermann Otto I Of Limburg-Styrum's paternal grandfather?,Hermann Georg of Limburg,Christian Otto of Limburg,0.7188,0.6942985000005137,0.0,0.0,0.0,0.0,3
f058bf080bdd11eba7f7acde48001122,2wikimultihopqa,B2_Basic_GraphRAG,Which country Hedvig Elisabeth Charlotte Of Holstein-Gottorp's mother is from?,Oldenburg,Sweden,0.7022,3.4608492999996088,0.0,0.0,0.0,0.0,10
5aafa7d60bde11eba7f7acde48001122,2wikimultihopqa,B2_Basic_GraphRAG,What is the date of death of Archduke Ferdinand Karl Joseph Of Austria-Este's father?,24 December 1806,1896,0.7029,7.154888299999584,0.0,0.0,0.0,0.0,10
e4a24a6e0bdb11eba7f7acde48001122,2wikimultihopqa,B2_Basic_GraphRAG,"Where did Henry Beresford, 2Nd Marquess Of Waterford's father graduate from?",Kilkenny College,Trinity College,0.7425,3.819549599998936,0.0,0.0,0.0,0.0,10
887aebd60bb011ebab90acde48001122,2wikimultihopqa,B2_Basic_GraphRAG,Who is the child-in-law of Spurius Lucretius Tricipitinus?,Lucius Tarquinius Collatinus,Aulus Postumius Albinus (propraetor 110 BC),0.7306,1.0790414000002784,0.0,0.0,0.0,0.0,3
4b72962a086e11ebbd62ac1f6bf848b6,2wikimultihopqa,B2_Basic_GraphRAG,Was Victoriana Mejía Marulanda or Fyodor Tuvin born first?,Victoriana Mejía Marulanda,Marulanda,0.5966,0.6853532000004634,0.0,0.0,0.0,0.0,3
897586180bb011ebab90acde48001122,2wikimultihopqa,B2_Basic_GraphRAG,Who is the mother-in-law of Prince Radu Of Romania?,Queen Anne of Romania,Queen Anne,0.7528,4.03033090000099,0.0,0.0,0.0,0.0,10
71e186ce0bdc11eba7f7acde48001122,2wikimultihopqa,B2_Basic_GraphRAG,What is the place of birth of the director of film Partners (1932 Film)?,"Petaluma, California",Information not available,0.6431,0.6147576000003028,0.0,0.0,0.0,0.0,3
4d2a73fa08c511ebbd8eac1f6bf848b6,2wikimultihopqa,B2_Basic_GraphRAG,Are Abra State Institute Of Science And Technology and University Of The East located in the same country?,yes,"No, they are not",0.6802,0.8361003999998502,0.0,0.0,0.0,0.0,3
a88c568a0bdd11eba7f7acde48001122,2wikimultihopqa,B2_Basic_GraphRAG,When was Martha Érika Alonso's husband born?,30 June 1968,Rafael Moreno Valle Rosas,0.626,0.798963500001264,0.0,0.0,0.0,0.0,3
ec4d02500bda11eba7f7acde48001122,2wikimultihopqa,B2_Basic_GraphRAG,Where was the performer of song Hallå Där born?,Halmstad,Sweden,0.5817,0.6824126000010438,0.0,0.0,0.0,0.0,3
f1ff478c089011ebbd72ac1f6bf848b6,2wikimultihopqa,B2_Basic_GraphRAG,Are both directors of films The Princess Bride (Film) and I Never Sang For My Father from the same country?,yes,"No, they are not from the same country",0.7368,1.033700099998896,0.0,0.0,0.0,0.0,3
456aadbc0bd911eba7f7acde48001122,2wikimultihopqa,B2_Basic_GraphRAG,What is the place of birth of the director of film The Great Citizen?,Rēzekne,Place not specified,0.6388,0.8547768999997061,0.0,0.0,0.0,0.0,3
bf71fcfd092411ebbdaeac1f6bf848b6,2wikimultihopqa,B2_Basic_GraphRAG,"Which film came out earlier, Watermark (Film) or Sofia'S Last Ambulance?",Sofia'S Last Ambulance,Sofia'S Last Ambulance,0.622,0.8171583000003011,0.0,0.0,0.0,0.0,3
83b24bc00bd911eba7f7acde48001122,2wikimultihopqa,B2_Basic_GraphRAG,Who is the child of the director of film The Trouble With Cali?,Mira Sorvino,No clear evidence provided,0.7052,0.772981100000834,0.0,0.0,0.0,0.0,3
048fa24c089711ebbd76ac1f6bf848b6,2wikimultihopqa,B2_Basic_GraphRAG,"Which film has the director who is older, Stradivari (Film) or Darby'S Rangers?",Darby'S Rangers,Stradivari (Film),0.692,4.401483999999982,0.0,0.0,0.0,0.0,10
14cab6da08f611ebbdaaac1f6bf848b6,2wikimultihopqa,B2_Basic_GraphRAG,Are Sydney Park (Actress) and Karl August Folkers of the same nationality?,yes,"No, they are not",0.6657,0.5961392000008345,0.0,0.0,0.0,0.0,3
d7004d5c0bdb11eba7f7acde48001122,2wikimultihopqa,B2_Basic_GraphRAG,Where did the director of film Reverse (Film) study?,National Film School in Łódź,Jason Moore (director),0.6245,0.7951790999995865,0.0,0.0,0.0,0.0,3
f944a6ed086b11ebbd60ac1f6bf848b6,2wikimultihopqa,B2_Basic_GraphRAG,"Which film has the director died first, The Bride Comes Home or The Soul Market?",The Soul Market,Francis J. Grandon died first,0.7442,1.2201354000007996,0.0,0.0,0.0,0.0,10
12d10eb408be11ebbd8aac1f6bf848b6,2wikimultihopqa,B2_Basic_GraphRAG,"Who lived longer, Jean Armand Charlemagne or John Ashburnham, 2Nd Earl Of Ashburnham?","John Ashburnham, 2Nd Earl Of Ashburnham",Jean Armand Charlemagne,0.7108,11.97208160000082,0.0,0.0,0.0,0.0,10
7ff5ce48091b11ebbdaeac1f6bf848b6,2wikimultihopqa,B2_Basic_GraphRAG,"Which film was released earlier, Autumn Milk or Antonieta?",Antonieta,Autumn Milk,0.6141,0.7181806999997207,0.0,0.0,0.0,0.0,3
87c2be8908ab11ebbd82ac1f6bf848b6,2wikimultihopqa,B2_Basic_GraphRAG,"Which film has the director born later, Stolen Identity or Them!?",Them!,Them!,0.6844,1.2058615000005375,0.0,0.0,0.0,0.0,10
1ebbc9b20bde11eba7f7acde48001122,2wikimultihopqa,B2_Basic_GraphRAG,Where did Bouchard Iv Of Avesnes's father die?,Arsuf,Evidence insufficient to determine location,0.7055,0.9932248999994044,0.0,0.0,0.0,0.0,3
c1bdec7a089c11ebbd78ac1f6bf848b6,2wikimultihopqa,B2_Basic_GraphRAG,"Which film has the director died earlier, Compromising Positions or A Revolutionary Family?",Compromising Positions,A Revolutionary Family,0.6255,0.8746735999993689,0.0,0.0,0.0,0.0,3
578a93720bde11eba7f7acde48001122,2wikimultihopqa,B2_Basic_GraphRAG,When was the composer of song Pack Up Your Troubles In Your Old Kit-Bag born?,23 May 1878,1890,0.6427,0.8847079999995913,0.0,0.0,0.0,0.0,3
9d9306cc08c511ebbd8fac1f6bf848b6,2wikimultihopqa,B2_Basic_GraphRAG,Do both directors of films The Floating Dutchman and The Living And The Dead (2006 Film) have the same nationality?,yes,"No, they don't",0.6575,0.8137301000006119,0.0,0.0,0.0,0.0,3
ad8fdd6c08b511ebbd88ac1f6bf848b6,2wikimultihopqa,B2_Basic_GraphRAG,"Which film has the director who died later, Swarg Narak or Antardhan?",Swarg Narak,Antardhan,0.6842,7.663253200000327,0.0,0.0,0.0,0.0,10
d77302ce08b711ebbd88ac1f6bf848b6,2wikimultihopqa,B2_Basic_GraphRAG,"Which film has the director who is older, Drive A Crooked Road or Kingdom In The Clouds?",Drive A Crooked Road,Kingdom In The Clouds,0.6879,0.8450768000002427,0.0,0.0,0.0,0.0,3
4b827b1e093611ebbdaeac1f6bf848b6,2wikimultihopqa,B2_Basic_GraphRAG,"Which film was released more recently, The King Of The Kickboxers or Kenny & Company?",The King Of The Kickboxers,Kenny & Company,0.6385,0.5401077000005898,0.0,0.0,0.0,0.0,3
90bfa26c0bda11eba7f7acde48001122,2wikimultihopqa,B2_Basic_GraphRAG,Where did the director of film Fast-Walking graduate from?,Juilliard,University of Southern California,0.6617,0.8610920000010083,0.0,0.0,0.0,0.0,3
7f51c24a0bd911eba7f7acde48001122,2wikimultihopqa,B2_Basic_GraphRAG,Where was the place of death of Empress Ren's husband?,Chengdu,Information not available in evidence,0.6783,0.785419699999693,0.0,0.0,0.0,0.0,3
0c39da2e085811ebbd5aac1f6bf848b6,2wikimultihopqa,B2_Basic_GraphRAG,"Which film has the director who is older, Four Days In November or The Romance Of Tarzan?",The Romance Of Tarzan,The Romance Of Tarzan,0.6738,0.7168651000010868,0.0,0.0,0.0,0.0,3
675bb53e0bdd11eba7f7acde48001122,2wikimultihopqa,B2_Basic_GraphRAG,Where does Andy Smith (Entrepreneur)'s wife work at?,Stanford,Public Works and Government Services Canada,0.7566,1.8938465999999607,0.0,0.0,0.0,0.0,10
534cb9fe0baf11ebab90acde48001122,2wikimultihopqa,B2_Basic_GraphRAG,"Who is Charles D'Orléans, Duke Of Penthièvre's paternal grandfather?","Louis Philippe II, Duke of Orléans","Philippe Charles, Duke of Valois",0.7275,0.909856199999922,0.0,0.0,0.0,0.0,3
6b6819ee089011ebbd72ac1f6bf848b6,2wikimultihopqa,B2_Basic_GraphRAG,"Who is older, Elizabeth Wood-Ellem or Atila Turan?",Elizabeth Wood-Ellem,No evidence to determine age,0.717,0.767740600000252,0.0,0.0,0.0,0.0,6
38da155f087511ebbd67ac1f6bf848b6,2wikimultihopqa,B2_Basic_GraphRAG,"Who lived longer, Sir Thomas Wheate, 1St Baronet or Albert Édouard Le Brethon De Caligny?","Sir Thomas Wheate, 1St Baronet",No evidence to compare their lifespans,0.7765,1.9310220000006666,0.0,0.0,0.0,0.0,10
fc06b4f00baf11ebab90acde48001122,2wikimultihopqa,B2_Basic_GraphRAG,"Who is the paternal grandmother of John I Of Brienne, Count Of Eu?",Berengaria of León,Marie de Lusigan,0.7461,4.909456800000044,0.0,0.0,0.0,0.0,10
1bf30a41086611ebbd5eac1f6bf848b6,2wikimultihopqa,B2_Basic_GraphRAG,Do both directors of films Villa Falconieri (Film) and Students' Love share the same nationality?,yes,"Yes, they share the same nationality",0.7207,0.7976362999997946,0.0,0.0,0.0,0.0,10
4b9580400bde11eba7f7acde48001122,2wikimultihopqa,B2_Basic_GraphRAG,What is the cause of death of Lady Sarah Chatto's mother?,stroke,Answer not in evidence,0.6648,0.9143347000008362,0.0,0.0,0.0,0.0,3
4cc4963c0bb011ebab90acde48001122,2wikimultihopqa,B2_Basic_GraphRAG,Who is the paternal grandfather of Samsam Al-Dawla?,Rukn al-Dawla,Bahram ibn Ardashir al-Majusi,0.7028,1.1314806999998837,0.0,0.0,0.0,0.0,3
0d836ca60baf11ebab90acde48001122,2wikimultihopqa,B2_Basic_GraphRAG,Who is the sibling-in-law of John Richard Parker?,Peta Nocona,Richard Parker (rugby league),0.691,0.8355652999998711,0.0,0.0,0.0,0.0,3
13e659380bdb11eba7f7acde48001122,2wikimultihopqa,B2_Basic_GraphRAG,Where did the director of film Heart Of Dixie (Film) study?,American Academy of Dramatic Arts,Not enough information,0.6351,0.6710710999996081,0.0,0.0,0.0,0.0,3
b5f30a800bdd11eba7f7acde48001122,2wikimultihopqa,B2_Basic_GraphRAG,Where did the director of film The Take (2007 Film) graduate from?,New York University,Stanford University,0.6212,0.7528883000013593,0.0,0.0,0.0,0.0,3
7412a35808e211ebbda4ac1f6bf848b6,2wikimultihopqa,B2_Basic_GraphRAG,"Which film has the director born later, Mondo Topless or Ritratto Di Borghesia In Nero?",Ritratto Di Borghesia In Nero,Ritratto Di Borghesia In Nero,0.7222,1.638545100000556,0.0,0.0,0.0,0.0,10
43d7f2180baf11ebab90acde48001122,2wikimultihopqa,B2_Basic_GraphRAG,Who is Maria Of Montpellier's father?,William VIII of Montpellier,Eudokia Komnene,0.6167,0.6891875000001164,0.0,0.0,0.0,0.0,3
6c9b4c03086911ebbd5eac1f6bf848b6,2wikimultihopqa,B2_Basic_GraphRAG,Did Dwight Harwood and Velvet (Singer) have the same nationality?,no,"Yes, they had the same nationality",0.7004,0.9213846000002377,0.0,0.0,0.0,0.0,7
4b00867a0bde11eba7f7acde48001122,2wikimultihopqa,B2_Basic_GraphRAG,Where was the place of death of Renée Of Bourbon's mother?,Auvergne,Place not specified,0.6696,0.8231832999990729,0.0,0.0,0.0,0.0,3
cbf9a62c091e11ebbdaeac1f6bf848b6,2wikimultihopqa,B2_Basic_GraphRAG,"Which album was released earlier, Soldier Of Love (Album) or What'S Bin Did And What'S Bin Hid?",What'S Bin Did And What'S Bin Hid,Soldier Of Love (Album),0.7476,3.4001805999996577,0.0,0.0,0.0,0.0,10
bac25d8308a311ebbd7cac1f6bf848b6,2wikimultihopqa,B2_Basic_GraphRAG,Are both Don Sasa and Boyd R. Overhulse from the same country?,yes,No,0.6559,3.251245600000402,0.0,0.0,0.0,0.0,10
8f3eb43e0bdd11eba7f7acde48001122,2wikimultihopqa,B2_Basic_GraphRAG,"What is the date of death of Louis Ii, Count Palatine Of Zweibrücken's wife?",4 January 1563,Date not provided,0.7651,2.6503426999988733,0.0,0.0,0.0,0.0,10
db0ea97a0bdb11eba7f7acde48001122,2wikimultihopqa,B2_Basic_GraphRAG,What is the place of birth of the director of film Undiscovered?,Irish,Jason Moore,0.6116,0.6678933000002871,0.0,0.0,0.0,0.0,3
20d3483c08c111ebbd8bac1f6bf848b6,2wikimultihopqa,B2_Basic_GraphRAG,"Which film came out earlier, Le Roi Des Champs-Élysées or Honoré De Marseille?",Le Roi Des Champs-Élysées,Le Roi Des Champs-Élysées,0.6977,0.8211197000000539,0.0,0.0,0.0,0.0,3
a5e432ea0bdd11eba7f7acde48001122,2wikimultihopqa,B2_Basic_GraphRAG,Who is the father of the founder of Tibiyo Takangwane?,Ngwane V,Themba Dlamini,0.6441,0.8249253000012686,0.0,0.0,0.0,0.0,3
71fa574f086711ebbd5eac1f6bf848b6,2wikimultihopqa,B2_Basic_GraphRAG,Are both The Bo-Weevils and Kulcha (Band) from the same country?,yes,"No, they are not",0.7106,0.9517289000013989,0.0,0.0,0.0,0.0,10
77ebb3b80bdd11eba7f7acde48001122,2wikimultihopqa,B2_Basic_GraphRAG,What is the place of birth of Countess Adelaide Of Lippe-Biesterfeld's mother?,Mannheim,Saxe-Meiningen,0.641,0.724589699999342,0.0,0.0,0.0,0.0,3
6cde7600085f11ebbd5cac1f6bf848b6,2wikimultihopqa,B2_Basic_GraphRAG,Are Shooting High and The Will (1921 Film) both from the same country?,no,"No, they are not",0.5307,0.7063391000010597,0.0,0.0,0.0,0.0,1
3803e25f08d411ebbd96ac1f6bf848b6,2wikimultihopqa,B2_Basic_GraphRAG,Are Disaster Movie and Hacker (Film) from the same country?,no,"No, they are not",0.6227,0.7498369999993884,0.0,0.0,0.0,0.0,3
b735f25e0bdd11eba7f7acde48001122,2wikimultihopqa,B2_Basic_GraphRAG,When did the composer of song On A Clear Day (You Can See Forever) die?,"January 5, 1997",1997,0.6217,0.8936628999999812,0.0,0.0,0.0,0.0,3
5640f5f8097c11ebbdb0ac1f6bf848b6,2wikimultihopqa,B2_Basic_GraphRAG,"Which film was released more recently, Assignment To Kill or Pachakuthira?",Pachakuthira,Pachakuthira,0.6135,0.6042439000011655,0.0,0.0,0.0,0.0,3
ab42b5c0085111ebbd58ac1f6bf848b6,2wikimultihopqa,B2_Basic_GraphRAG,"Which film has the director who is older, Shootin' For Love or The Other Life Of Captain Contreras?",Shootin' For Love,The Other Life Of Captain Contreras,0.7534,1.1444382999998197,0.0,0.0,0.0,0.0,10
1b6d38ef08fb11ebbdacac1f6bf848b6,2wikimultihopqa,B2_Basic_GraphRAG,"Which magazine was founded first, Ancestry Magazine or Flak Magazine?",Ancestry Magazine,Flak Magazine,0.7217,5.488184300000285,0.0,0.0,0.0,0.0,10
a05fbe7e08c311ebbd8dac1f6bf848b6,2wikimultihopqa,B2_Basic_GraphRAG,"Which film has the director born earlier, Hello Caesar! or Arizona Nights?",Arizona Nights,Arizona Nights,0.6873,1.1649756999995589,0.0,0.0,0.0,0.0,10
d9c989f20bdd11eba7f7acde48001122,2wikimultihopqa,B2_Basic_GraphRAG,"Where was the father of William Graham, 2Nd Duke Of Montrose born?",Scottish,"London, England",0.735,1.099296599999434,0.0,0.0,0.0,0.0,10
a28699ae0bdc11eba7f7acde48001122,2wikimultihopqa,B2_Basic_GraphRAG,Who is the spouse of the director of film You Talkin' To Me? (Film)?,Sandra Nelson,Heather D. Gibson,0.6381,0.5792322999986936,0.0,0.0,0.0,0.0,3
2237c12d085711ebbd59ac1f6bf848b6,2wikimultihopqa,B2_Basic_GraphRAG,Are both The Bloom Of Yesterday and Fireworks (1954 Film) from the same country?,yes,"No, they are not",0.6997,1.665040099998805,0.0,0.0,0.0,0.0,10
48137be00baf11ebab90acde48001122,2wikimultihopqa,B2_Basic_GraphRAG,Who is the paternal grandfather of Taher Saifuddin?,Abdul Qadir Najmuddin,Abd al-Muttalib,0.6184,0.8883796999998594,0.0,0.0,0.0,0.0,3
2dc2b2fe0bde11eba7f7acde48001122,2wikimultihopqa,B2_Basic_GraphRAG,Where was the father of John Ii Of Jerusalem born?,Antioch,Cyprus,0.7042,18.184168699999645,0.0,0.0,0.0,0.0,10
bb8e4d040bda11eba7f7acde48001122,2wikimultihopqa,B2_Basic_GraphRAG,Where did Muza Niyazova's husband die?,Ashgabat,Sennedjem,0.5567,0.9876731000003929,0.0,0.0,0.0,0.0,3
f742206e0bda11eba7f7acde48001122,2wikimultihopqa,B2_Basic_GraphRAG,"When is Frances Percy, Duchess Of Northumberland's father's birthday?",27 August 1724,Information not provided,0.7057,0.766321600000083,0.0,0.0,0.0,0.0,3
4e0814b20bdb11eba7f7acde48001122,2wikimultihopqa,B2_Basic_GraphRAG,What is the place of birth of Catherine Barclay's husband?,Frankfurt am Main,Question unclear. Need more info,0.6657,0.7130754000008892,0.0,0.0,0.0,0.0,3
44268f9c0bda11eba7f7acde48001122,2wikimultihopqa,B2_Basic_GraphRAG,What is the place of birth of the director of film Rufus Jones For President?,"New Brunswick, New Jersey",Place not specified,0.6834,0.6004446000006283,0.0,0.0,0.0,0.0,3
0290cd840baf11ebab90acde48001122,2wikimultihopqa,B2_Basic_GraphRAG,"Who is Donnchadh Iv, Earl Of Fife's father-in-law?",Ralph de Monthermer,"Robert Bruce, Lord of Liddesdale",0.7178,1.0301622999995743,0.0,0.0,0.0,0.0,3
d23341a60bdd11eba7f7acde48001122,2wikimultihopqa,B2_Basic_GraphRAG,Which award the performer of song Edge Of A Broken Heart earned?,Rock and Roll Hall of Fame,Grammy Award,0.6585,1.1030165000011039,0.0,0.0,0.0,0.0,3
8beb115a0bd911eba7f7acde48001122,2wikimultihopqa,B2_Basic_GraphRAG,Who is the spouse of the director of film Love Between The Raindrops?,Alena Mihulová,"Maria Teresa, Grand Duchess of Luxembourg",0.6898,0.7105169000005844,0.0,0.0,0.0,0.0,3
171c55960bde11eba7f7acde48001122,2wikimultihopqa,B2_Basic_GraphRAG,Where was the place of death of J. S. Grimaldi's father?,London,"London, England",0.6411,1.06376999999884,0.0,0.0,0.0,0.0,3
ef2bc7a60bdd11eba7f7acde48001122,2wikimultihopqa,B2_Basic_GraphRAG,What is the place of birth of the director of film Melati Van Agam (1931 Film)?,Indonesian,Place not found in evidence,0.7161,0.7630656999990606,0.0,0.0,0.0,0.0,3
5d0e755c0bde11eba7f7acde48001122,2wikimultihopqa,B2_Basic_GraphRAG,"When was Henry Fitzgerald-De Ros, 21St Baron De Ros's father born?",30 July 1761,1860,0.6524,0.9577676999997493,0.0,0.0,0.0,0.0,3
58efdbc20bda11eba7f7acde48001122,2wikimultihopqa,B2_Basic_GraphRAG,Which award the director of film The Viral Factor got?,Hong Kong Film Award for Best Director,No award mentioned,0.635,0.7500170000002981,0.0,0.0,0.0,0.0,3
1460b7ac0bde11eba7f7acde48001122,2wikimultihopqa,B2_Basic_GraphRAG,What is the place of birth of the director of film A Night In Venice (1953 Film)?,Hamburg,Venice,0.6772,2.676884799999243,0.0,0.0,0.0,0.0,10
482773fc0baf11ebab90acde48001122,2wikimultihopqa,B2_Basic_GraphRAG,Who is Robert Vere Buxton's paternal grandfather?,"Sir Edward Buxton, 2nd Baronet",Francis Buxton,0.5962,0.9487203000007867,0.0,0.0,0.0,0.0,3
3b217d08088d11ebbd70ac1f6bf848b6,2wikimultihopqa,B2_Basic_GraphRAG,Are both Missisa Lake and Lake Eden located in the same country?,yes,"No, they are not",0.7434,1.1507598999996844,0.0,0.0,0.0,0.0,10
d277d83e0bdd11eba7f7acde48001122,2wikimultihopqa,B2_Basic_GraphRAG,When is Wenceslaus I Of Legnica's father's birthday?,23 September 1291,No birthday mentioned,0.7164,2.1855581999989226,0.0,0.0,0.0,0.0,10
90fdcd120bda11eba7f7acde48001122,2wikimultihopqa,B2_Basic_GraphRAG,Where was the place of death of the director of film Emile The African?,Paris,Place unknown,0.6031,0.616573100000096,0.0,0.0,0.0,0.0,3
e6bc400208d911ebbd9cac1f6bf848b6,2wikimultihopqa,B2_Basic_GraphRAG,"Which film whose director was born first, Twilight Of Love or Song Of China?",Song Of China,Twilight Of Love,0.6854,1.1404461000001902,0.0,0.0,0.0,0.0,10
3c3a9ebe0bde11eba7f7acde48001122,2wikimultihopqa,B2_Basic_GraphRAG,When did Anita De Braganza's husband die?,21 February 1923,Insufficient evidence,0.6124,0.9624184000003879,0.0,0.0,0.0,0.0,3
6590ada60bdb11eba7f7acde48001122,2wikimultihopqa,B2_Basic_GraphRAG,When is the director of film War Italian Style 's birthday?,17 May 1927,Not provided in evidence,0.6707,0.8278763000016625,0.0,0.0,0.0,0.0,3
b66d42be0bdd11eba7f7acde48001122,2wikimultihopqa,B2_Basic_GraphRAG,Where was the place of death of Neferneferure's mother?,Amarna,"Amarna, Egypt",0.6142,0.8419498000002932,0.0,0.0,0.0,0.0,3
7fcdac2e0bda11eba7f7acde48001122,2wikimultihopqa,B2_Basic_GraphRAG,What is the cause of death of director of film The Street Of Illusion?,Parkinson,Insufficient evidence,0.6064,0.5489496999998664,0.0,0.0,0.0,0.0,3
01eb3b100bde11eba7f7acde48001122,2wikimultihopqa,B2_Basic_GraphRAG,Where was the father of Edward The Exile born?,Wessex,Norway,0.6499,0.898700400000962,0.0,0.0,0.0,0.0,3
c1f50af208b711ebbd88ac1f6bf848b6,2wikimultihopqa,B2_Basic_GraphRAG,"Who was born earlier, Salomėja Zaksaitė or Nataliya Rusnachenko?",Nataliya Rusnachenko,Salomėja Zaksaitė,0.717,1.4510353000005125,0.0,0.0,0.0,0.0,10
f6721c9208fc11ebbdadac1f6bf848b6,2wikimultihopqa,B2_Basic_GraphRAG,"Are the movies Je Suis Né D'Une Cigogne and La Chair De L'Orchidée, from the same country?",yes,"No, they are not",0.6389,0.8931396000007226,0.0,0.0,0.0,0.0,3
6399a1260bde11eba7f7acde48001122,2wikimultihopqa,B2_Basic_GraphRAG,"Where does the director of film John F. Kennedy: Years Of Lightning, Day Of Drums work at?",Harvard,United States Information Agency,0.7569,2.8811181999990367,0.0,0.0,0.0,0.0,10
e64bd34a0bda11eba7f7acde48001122,2wikimultihopqa,B2_Basic_GraphRAG,What nationality of the company that published Prague Papers On The History Of International Relations?,Czech Republic,Czechlovakian,0.6113,0.8952721999994537,0.0,0.0,0.0,0.0,3
80ae4ab1089011ebbd72ac1f6bf848b6,2wikimultihopqa,B2_Basic_GraphRAG,"Which film has the director who is older than the other, The Sarah Balabagan Story or Wine, Women And Horses?","Wine, Women And Horses","Wine, Women and Horses",0.6792,0.9947277000010217,0.0,0.0,0.0,0.0,3
ef87d9180bda11eba7f7acde48001122,2wikimultihopqa,B2_Basic_GraphRAG,When did George Cochrane (Politician)'s father die?,31 October 1778,Not enough information,0.6399,0.8454397999994399,0.0,0.0,0.0,0.0,3
4ebd4dc608c711ebbd91ac1f6bf848b6,2wikimultihopqa,B2_Basic_GraphRAG,Are the directors of both films Kisses For My President and Drei Liebesbriefe Aus Tirol from the same country?,yes,"No, they are not",0.7087,2.9440858000016306,0.0,0.0,0.0,0.0,10
17a489a40bdc11eba7f7acde48001122,2wikimultihopqa,B2_Basic_GraphRAG,Where did Rune Ottosen's father graduate from?,University of Bergen,Information not provided,0.6053,0.9464738999995461,0.0,0.0,0.0,0.0,3
6bccf2a1088c11ebbd6fac1f6bf848b6,2wikimultihopqa,B2_Basic_GraphRAG,"Who died earlier, Abner Pratt or Delphin Strungk?",Delphin Strungk,Insufficient evidence,0.6676,4.291486800000712,0.0,0.0,0.0,0.0,10
397b2ab60bdb11eba7f7acde48001122,2wikimultihopqa,B2_Basic_GraphRAG,"Where was the director of film Eros, O Deus Do Amor born?",São Paulo,Ouanes Amor,0.6242,0.6196971999997913,0.0,0.0,0.0,0.0,3
5eb334660bdd11eba7f7acde48001122,2wikimultihopqa,B2_Basic_GraphRAG,What is the place of birth of the director of film Six Months Of Life?,Mexican,Not enough information,0.6392,0.6355546000013419,0.0,0.0,0.0,0.0,3
6450154e08e311ebbda4ac1f6bf848b6,2wikimultihopqa,B2_Basic_GraphRAG,"Which film has the director born later, The Wayward Wife or Pelli Sandadi?",Pelli Sandadi,The Wayward Wife,0.7151,5.067688499999349,0.0,0.0,0.0,0.0,10
bc29cc49085611ebbd59ac1f6bf848b6,2wikimultihopqa,B2_Basic_GraphRAG,"Who was born later, Barry Kirwan or Jean-Louis Wagnière?",Barry Kirwan,Jean-Louis Wagnière,0.6298,0.9282589000013104,0.0,0.0,0.0,0.0,10
d80a4fe408ad11ebbd83ac1f6bf848b6,2wikimultihopqa,B2_Basic_GraphRAG,"Who was born later, Jean-Claude Garneau or Chae Rim?",Chae Rim,Jean-Claude Garneau,0.6264,0.8674755000010919,0.0,0.0,0.0,0.0,10
e5c51aa80bda11eba7f7acde48001122,2wikimultihopqa,B2_Basic_GraphRAG,Where was the place of burial of Adèle Foucher's husband?,Panthéon,Information not provided,0.6511,0.7658356000010826,0.0,0.0,0.0,0.0,3
615f783008e411ebbda4ac1f6bf848b6,2wikimultihopqa,B2_Basic_GraphRAG,"Which film came out earlier, Hello Mr. Billionaire or Patto D'Amicizia?",Patto D'Amicizia,Billionaire,0.6794,1.0292533000010735,0.0,0.0,0.0,0.0,10
f9c02a8c085d11ebbd5cac1f6bf848b6,2wikimultihopqa,B2_Basic_GraphRAG,"Which film has the director born first, Spione or Five Million Look For An Heir?",Five Million Look For An Heir,Five Million Look For An Heir,0.6939,0.7921776000002865,0.0,0.0,0.0,0.0,3
3c0ed8640bda11eba7f7acde48001122,2wikimultihopqa,B2_Basic_GraphRAG,What is the place of birth of the director of film El Calavera?,Valparaíso,Argentinean,0.6899,1.4796480999993946,0.0,0.0,0.0,0.0,10
d879b26208ad11ebbd83ac1f6bf848b6,2wikimultihopqa,B2_Basic_GraphRAG,Are the directors of films Ocean'S 11 and The Ghosts In Our Machine both from the same country?,no,"No, they are not",0.6403,0.916845400000966,0.0,0.0,0.0,0.0,3
895740ae0bb011ebab90acde48001122,2wikimultihopqa,B2_Basic_GraphRAG,"Who is William Paulet, 4Th Marquess Of Winchester's paternal grandmother?",Elizabeth Willoughby,Mary,0.7252,2.570335599999453,0.0,0.0,0.0,0.0,10
c9249d980bd911eba7f7acde48001122,2wikimultihopqa,B2_Basic_GraphRAG,What is the place of birth of the performer of song Sing A Song Now Now?,Pavia,France,0.654,1.0647759999992559,0.0,0.0,0.0,0.0,10
70d73f1a0bde11eba7f7acde48001122,2wikimultihopqa,B2_Basic_GraphRAG,What nationality is Francesco Quinn's father?,Mexican,Italian,0.5993,0.7324427000003197,0.0,0.0,0.0,0.0,3
b43d2c2e093a11ebbdaeac1f6bf848b6,2wikimultihopqa,B2_Basic_GraphRAG,"Which film was released earlier, Waarish or Oru Kochu Swapnam?",Oru Kochu Swapnam,Oru Kochu Swapnam,0.7265,1.4557138999989547,0.0,0.0,0.0,0.0,10
aff6ed400bdd11eba7f7acde48001122,2wikimultihopqa,B2_Basic_GraphRAG,Where was the father of Dániel Esterházy born?,Galanta,Ottoman Empire,0.6869,3.314095499999894,0.0,0.0,0.0,0.0,10
6062845a0bde11eba7f7acde48001122,2wikimultihopqa,B2_Basic_GraphRAG,Where was the place of burial of Euphemia Of Kuyavia's father?,Polish,Evidence insufficient to determine,0.6826,0.9937835000000632,0.0,0.0,0.0,0.0,3
038d34e608d211ebbd95ac1f6bf848b6,2wikimultihopqa,B2_Basic_GraphRAG,"Which film has the director born first, Edgeplay: A Film About The Runaways or Tarzan'S Magic Fountain?",Tarzan'S Magic Fountain,Tarzan'S Magic Fountain,0.7193,2.9255365999997593,0.0,0.0,0.0,0.0,10
1187c9080bde11eba7f7acde48001122,2wikimultihopqa,B2_Basic_GraphRAG,When was the company that published Woman'S Century founded?,"October 27, 1893",1870,0.5897,0.7078401999988273,0.0,0.0,0.0,0.0,3
a29726b40bd911eba7f7acde48001122,2wikimultihopqa,B2_Basic_GraphRAG,Which country Eugen D'Albert's wife is from?,Venezuelan,Germany,0.5633,0.8651341999993747,0.0,0.0,0.0,0.0,3
2751a4720bdc11eba7f7acde48001122,2wikimultihopqa,B2_Basic_GraphRAG,Where was the place of death of Juanita Jackson Mitchell's husband?,Baltimore City,"Tuscaloosa, Alabama",0.6221,0.949333900000056,0.0,0.0,0.0,0.0,3
7b61849208f311ebbdaaac1f6bf848b6,2wikimultihopqa,B2_Basic_GraphRAG,Are both The Story Of Piera and Bloody Richard from the same country?,yes,"No, they are not",0.639,0.763735300000917,0.0,0.0,0.0,0.0,3
a79d3abe0bdd11eba7f7acde48001122,2wikimultihopqa,B2_Basic_GraphRAG,Where did the director of film Darra (Film) graduate from?,Barts and The London School of Medicine and Dentistry,No relevant information,0.6479,0.7319848999995884,0.0,0.0,0.0,0.0,3
3e5580c00bb011ebab90acde48001122,2wikimultihopqa,B2_Basic_GraphRAG,Who is Antoine-Charles Taschereau's paternal grandfather?,Thomas-Jacques Taschereau,Antoine Charles Cazenove,0.6381,0.9058128000015131,0.0,0.0,0.0,0.0,3
a902a9b8089311ebbd75ac1f6bf848b6,2wikimultihopqa,B2_Basic_GraphRAG,"Which film has the director who died later, Emanuelle And The Last Cannibals or Hostile Country?",Emanuelle And The Last Cannibals,Hostile Country,0.726,1.727249400000801,0.0,0.0,0.0,0.0,10
d81d542a08be11ebbd8aac1f6bf848b6,2wikimultihopqa,B2_Basic_GraphRAG,"Which film has the director who died later, Invasion Of The Bee Girls or Children, Mother, And The General?","Children, Mother, And The General",Invasion Of The Bee Girls,0.7332,2.2350602000005892,0.0,0.0,0.0,0.0,10
00efceca0bb011ebab90acde48001122,2wikimultihopqa,B2_Basic_GraphRAG,"Who is the father of George, Emperor Of Trebizond?",Manuel I of Trebizond,Alexander of Trebizond,0.695,0.6655819999996311,0.0,0.0,0.0,0.0,3
71cf03c20bdd11eba7f7acde48001122,2wikimultihopqa,B2_Basic_GraphRAG,Where did Svein-Erik Bjerkrheim's wife study at?,Norwegian School of Sport Sciences,Not enough information,0.6566,0.6543517999998585,0.0,0.0,0.0,0.0,3
d83437560bdb11eba7f7acde48001122,2wikimultihopqa,B2_Basic_GraphRAG,Where was the performer of song Never Be The Same (Jessica Mauboy Song) born?,Darwin,Australia,0.6172,0.8519774000014877,0.0,0.0,0.0,0.0,3
f1aecdec085f11ebbd5dac1f6bf848b6,2wikimultihopqa,B2_Basic_GraphRAG,"Which film whose director was born first, Star Of Texas or Tarantula!?",Star Of Texas,Frank Ferguson,0.6866,1.5608890000003157,0.0,0.0,0.0,0.0,10
2b7e05f20bde11eba7f7acde48001122,2wikimultihopqa,B2_Basic_GraphRAG,Where was the father of Dominik Mikołaj Radziwiłł born?,Nieśwież,Poland,0.6521,0.9323436999984551,0.0,0.0,0.0,0.0,3
7bc6824408de11ebbd9eac1f6bf848b6,2wikimultihopqa,B2_Basic_GraphRAG,"Who was born later, Cathal O'Grady or Jens Hellgren?",Jens Hellgren,Cathal O'Grady,0.6654,0.8219030999989627,0.0,0.0,0.0,0.0,10
4175aadc0bdd11eba7f7acde48001122,2wikimultihopqa,B2_Basic_GraphRAG,What is the place of birth of Adolphe De Leuven's father?,Stockholm,Information not provided,0.6224,0.7527300999990985,0.0,0.0,0.0,0.0,3
160ad4e80bde11eba7f7acde48001122,2wikimultihopqa,B2_Basic_GraphRAG,Which country Robert Nihon's father is from?,Belgian,Japan,0.6071,0.6199046000001545,0.0,0.0,0.0,0.0,3
6ebe05740bde11eba7f7acde48001122,2wikimultihopqa,B2_Basic_GraphRAG,Where was the place of death of Anastasia Of Serbia's husband?,Hilandar,"Belgrade, Serbia",0.6389,0.9634096000008867,0.0,0.0,0.0,0.0,3
5ff291a80bda11eba7f7acde48001122,2wikimultihopqa,B2_Basic_GraphRAG,Where was the composer of song Back In The U.S.A. born?,"St. Louis, Missouri",Texas,0.5879,0.8972835000004125,0.0,0.0,0.0,0.0,3
247c4c6c08d911ebbd9cac1f6bf848b6,2wikimultihopqa,B2_Basic_GraphRAG,"Which film has the director who died first, The Quiller Memorandum or La Quintrala?",La Quintrala,La Quintrala,0.6164,0.8977137000001676,0.0,0.0,0.0,0.0,3
35f99ea60bde11eba7f7acde48001122,2wikimultihopqa,B2_Basic_GraphRAG,Where was the place of death of the director of film The First Day Of Freedom?,Florida,Evidence insufficient to determine place of death,0.7216,0.7574913999997079,0.0,0.0,0.0,0.0,3
bd4bd0fc0bdb11eba7f7acde48001122,2wikimultihopqa,B2_Basic_GraphRAG,Where was the place of death of Eri Jabotinsky's father?,Hunter,Sennedjem,0.5688,1.1756567999982508,0.0,0.0,0.0,0.0,3
400c2be80bde11eba7f7acde48001122,2wikimultihopqa,B2_Basic_GraphRAG,Where was the father of Sigurd Wallin born?,Östra Husby,American,0.6897,5.002824400000463,0.0,0.0,0.0,0.0,10
636a86b808d511ebbd98ac1f6bf848b6,2wikimultihopqa,B2_Basic_GraphRAG,"Which film whose director was born first, Sankat City or Who'S Minding The Mint??",Who'S Minding The Mint?,Who'S Minding The Mint,0.7226,2.7140775000007125,0.0,0.0,0.0,0.0,10
45cd2d1c08c211ebbd8bac1f6bf848b6,2wikimultihopqa,B2_Basic_GraphRAG,"Which film was released earlier, Mercadet or Nangna Kappa Pakchade?",Mercadet,Nangna Kappa Pakchade,0.7378,2.627843700000085,0.0,0.0,0.0,0.0,10
c4dfdd5608aa11ebbd80ac1f6bf848b6,2wikimultihopqa,B2_Basic_GraphRAG,"Which film has the director who was born later, The Voice Of My City or The Rental?",The Rental,Dave Franco,0.6475,4.189609000000928,0.0,0.0,0.0,0.0,10
77e6a4c20bb011ebab90acde48001122,2wikimultihopqa,B2_Basic_GraphRAG,"Who is the paternal grandfather of Louis Iv, Count Of Chiny?","Albert, Count of Chiny","Louis III, Count of Chiny",0.7422,1.178547499999695,0.0,0.0,0.0,0.0,3
